{"ar_theta": [0.024461178453226956], "ar_intercept": -2715.201981902177, "best_p": 1, "ma_theta": [0.0009599329220480126], "ma_intercept": 277.1408857068334, "best_q": 1, "trend_model": [7120.068013414821, 7530713.673613296]}